,Attraction
0,文武廟
1,東湧燈塔(東引燈塔)
2,高粱掃帚DIY
3,文化夜市
4,太平山
5,關山米國學校
6,陰陽海
7,漁翁島燈塔【西嶼燈塔】
8,*[台東知本]天山農場
9,台灣文學館
10,老鍋休閒農場
11,天仁茶文化館
12,大里遊客中心
13,車埕小鎮
14,七星潭
15,嘉義舊監獄
16,大雪山國家森林遊樂區
17,林內落羽松秘境
18,大甲鎮瀾宮商圈
19,雲山水
20,司馬庫斯神木群步道
21,台南測侯所
22,尚義環保公園
23,集集火車站
24,池西岩瀑
25,二萬平車站
26,勝興車站
27,知本森林景觀步道
28,篤行十村眷村文化園區
29,三塊厝車站
30,安通溫泉
31,南橫
32,阿里山森鐵
33,枋寮火車站
34,板陶窯
35,泰雅故事公園
36,圓山東密道導覽文化之旅
37,四八高地曼波休閒園區
38,來來柑橘果園
39,臺南山上花園水道博物館
40,烏來瀑布
41,太魯閣牌樓
42,鵝鑾鼻
43,天壇
44,微笑天梯
45,武陵農場門票
46,礁溪
47,客城鐵橋
48,光復吉利潭
49,澎湖縣水產種苗繁殖場
50,後龍好望角
51,苑裡火車站
52,玻璃媽祖廟
53,邱良功母節孝坊
54,一中街商圈
55,八角樓
56,紫蝶幽谷
57,知本國家森林遊樂區
58,鎮西堡
59,太麻里金針山
60,安平老街
61,兆豐休閒農場
62,信義鄉農會梅子夢工廠(酒莊)
63,桃園神社昭和拾參園區
64,福正聚落
65,上帝的部落‧司馬庫斯
66,安平古堡
67,大目降文化園區
68,北回歸線標誌公園
69,*[台東 池上]阿裕果園
70,屏東農業生物科技園區-亞太水族中心
71,奧萬大森林遊樂區
72,梅問屋梅子元氣館
73,象山
74,十九公頃青青草原
75,野柳
76,霞喀羅古道
77,垂坤食品
78,造橋火車站
79,新瓦屋客家文化保存區
80,鳩之澤
81,三鳳中街
82,瓊林古聚落
83,玉兔鉛筆學校
84,有容路(有榕路)
85,富岡老街
86,拉魯島
87,大天后宮
88,新竹都城隍廟
89,龍潭湖風景區
90,八卦茶園
91,水社寮車站
92,華山
93,千島湖
94,清水眷村文化園區
95,富源蝴蝶谷
96,海上教堂
97,石門洞
98,四方鮮乳牧場
99,衛武營迷迷村
100,南門市場
101,文學館
102,金車噶瑪蘭威士忌酒廠
103,溪頭自然教育園區
104,廣進勝油紙傘
105,天龍吊橋
106,摩摩納爾瀑布
107,清水地熱公園
108,新社薰衣草森林
109,貨櫃屋星巴克
110,山水沙灘
111,阿朗壹古道
112,水景橋
113,猴探井遊憩區
114,風獅爺紅龜粿DIY
115,台灣優格餅乾學院
116,灣潭玫瑰草莓園
117,旺萊山愛情大草原
118,大溪漁港
119,雙流國家森林遊樂區
120,宮原眼科
121,士東市場
122,烈嶼鄉
123,魚鱗天梯
124,仁愛市場
125,澀水森林步道
126,向天湖
127,東眼山森林遊樂區
128,赫蒂法莊園
129,花瓶岩
130,良食農創園區
131,蜊埤湖
132,一滴水紀念館
133,國立傳藝中心
134,蕃薯寮
135,北門水晶教堂
136,水晶教堂
137,望幽谷
138,宜蘭設治紀念館
139,竹崎車站
140,千櫻園
141,駁二
142,體驗採果樂【採草莓】
143,多良火車站
144,六甲落羽松森林
145,古崗湖
146,新社花海節
147,草坪頭玉山觀光茶園-櫻花季
148,陽明山前山公園
149,台中第六市場
150,太湖
151,水山巨木步道
152,鎮瀾宮
153,初日號
154,烏樹林
155,彩虹眷村
156,宇老觀景台
157,新港香藝文化園區
158,乳山故壘
159,阿里山森林鐵路車庫園區
160,台中眷村文物館
161,劍湖
162,中台世界博物館
163,華山情人橋
164,龜山島(賞鯨＋繞島)
165,雙口海濱沙灘
166,新竹城隍廟
167,玄空法寺
168,鄭成功資料館
169,馬太鞍休閒農業區
170,梨山
171,冬季限定【鮮採草莓】
172,花蓮觀光酒廠
173,薰衣草森林
174,礁溪溫泉飯店
175,龍潭湖悠活園區
176,旗山糖廠
177,清境觀巴午餐
178,打狗英國領事館
179,長源圳生態步道
180,德元埤荷蘭村
181,四眼井
182,虎尾糖廠
183,美濃紙傘彩繪
184,八二三戰史館
185,日月潭頭社金針花
186,觀夕平台
187,三義木雕博物館
188,八仙山森林遊樂園區
189,迷糊步道
190,大學池
191,金崙泡溫泉
192,星光祈福坑道
193,霧峰農會酒莊
194,龍過脈森林步道
195,大菓葉柱狀玄武岩
196,大坵島
197,舊振南漢餅文化館
198,油籽學堂
199,瓦拉米步道
200,豐盛愛玉
201,三代木
202,花卉試驗中心
203,超品起司烘焙工坊
204,​台版清溪川【東城門迎曦門+護城河】
205,虎尾老街商圈
206,跳石海岸
207,仙洞巖、佛手洞
208,達娜伊谷自然生態公園
209,涼山遊憩區
210,東勢林業文化園區
211,新城老街巡禮
212,玉里火車站
213,卓也小屋-植物熱染DIY
214,梨山文物陳列館
215,竹山紫南宮
216,山后民俗文化村
217,軒味屋
218,新港奉天宮
219,審計新村
220,自強號車廂土地公廟
221,新北市客家文化園區
222,三峽祖師廟
224,雲也居一休閒農場
225,羅東運動公園(東丘落羽松)
226,鯨世界賞鯨
227,尖山埤江南渡假村
228,台南平實公園
229,碧潭吊橋
230,中正紀念堂
231,白沙灣
232,三井LALAPORT
233,第二市場
234,新化林場
235,勝興火車站
236,嘉義公園
237,東部海岸國家風景區
238,冬山河自行車道
239,看海美術館
240,三峽白雞行修宮
241,安平樹屋
242,海洋文化及流行音樂中心
243,台中國家歌劇院
244,南方澳漁港
245,雪霸雲霧步道
246,宜蘭東門夜市
247,台灣客家文化館
248,柳川藍帶水岸(柳川親水河岸)
249,坂里天后宮
250,楓之谷1956秘密花園
251,衛武迷迷村
252,蔦屋書店(埔里)
253,日月老茶廠
254,霧峰林家宮保第
255,花蓮雲山水夢幻湖
256,賞楓秘境【霞喀羅古道】
257,天空走廊
258,佳興冰果室
259,後壁湖
260,太麻里櫻木花道平交道
261,GAIA MANOR 蓋婭莊園
262,草嶺古道
263,台中秋紅谷
264,台灣油礦陳列館
265,長春祠
266,明池國家森林園區
267,清泉
268,北海坑道(夜間搖櫓-尋藍眼淚)
269,好時果子
270,姜子寮絕壁步道
271,中柱島
272,日月町複合式商場
273,雲霧步道
274,太平雲梯
275,利吉社區
276,國立傳統藝術中心
277,台北奧萬大樂活莊園
278,中央古街
279,台東戒治所咖啡館武陵外役監
280,月崖灣親子農場
281,東莒燈塔（東犬燈塔）
282,風吹沙
283,栩悅號套裝遊程
284,六口溫泉
285,檳榔嶼
286,砂島貝殼砂展示館
287,淡水老街
288,九九峰動物樂園
289,雲台山軍情館
290,陽明山美軍宿舍群
291,味衛佳杮餅觀光農場
292,布袋戲館
293,許厝港濕地
294,旗山天后宮
295,太武山
296,野馬瞰山森林浴
297,宜蘭傳藝中心
298,水社碼頭
299,田寮石頭廟
300,猴硐
301,國立史前文化博物館
302,睿友學校
303,小半天
304,新城照相館
305,墾丁森林遊樂園區
306,東安古橋
307,貓空
308,成功漁港
309,屏東觀光夜市
310,紅毛城
311,空氣圖書館
312,義興吊橋
313,巴陵古道生態園區
314,綠島藍洞
315,大鯖魚夢工廠
316,美人洞
317,漁光島
318,裕芳通霄店
319,日月潭伊達邵碼頭
320,丸莊醬油觀光工廠
321,雅聞峇里海岸觀光工廠
322,蔬菜公園
323,三貂角燈塔
324,淺水灣
325,台中彩虹眷村
326,大鳥休憩區
327,藍皮解憂號觀光列車
328,白沙屯拱天宮
329,南崁
330,虎牌米粉產業文化館
331,水往上流
332,高雄鹽埕｜七賢三路與新樂街路
333,菁埔彩繪村
334,潘安邦紀念館
335,美人洞風景區
336,小烏來天空步道
337,芝山岩文化史蹟公園
338,台南國華街美食
339,藍皮意象館/上車集合地點
340,虎尾合同廳舍
341,基隆燈塔觀景平台
342,雙口海濱公園
343,四維坑道(九宮坑道)
344,中山紀念林
345,台東原生應用植物園
346,溪湖糖廠
347,崗山之眼
348,曾文水庫風景區
349,愛之船
350,蘭欣辣汗花果休閒農場
351,龍虎塔
352,鹽埔漁港
353,集集綠色隧道
354,龍崎文衡殿
355,恆春古城
356,台灣土豆王
357,九份老街
358,金門和平紀念園區(林厝砲陣地)
359,鼻頭角步道
360,正濱漁港彩色屋
361,翠峰湖環山步道
362,龜吼漁夫市集
363,白楊瀑布
364,藍皮意象館
365,瑞芳美食廣場
366,芹山播音站
367,布袋漁港
368,見晴懷古步道
369,關仔嶺
370,竹南啤酒廠
371,安平航海城
372,蘿莎玫瑰莊園
374,道禾六藝文化館
375,大石鼻山步道
376,布袋港
377,安平商圈
378,星空隧道
379,雲嶺之丘
380,嘉義美術館
381,清境高空景觀步道
382,清境小瑞士花園
383,台鉅美妝觀光工廠
384,原生植物園
385,雙流森林遊樂區
386,高屏溪舊鐵橋濕地公園
387,大東文化藝術中心
388,士林官邸公園
389,太白天聲
390,彩繪村
391,天御花園農場
392,竹田驛園
393,台中天后宮
394,中社花市
395,多納部落
396,水与松驛館(台灣牛樟館)
397,洗水坑豆腐街(清安豆腐老街)
398,海大山小
399,山毛櫸步道
400,白沙
401,梅嶺風景區
402,紅葉少棒紀念館
403,新中橫塔塔加
404,鈺展苗圃
405,玉山國家公園
406,伯朗咖啡城堡
408,七股龍山號生態之旅
409,美濃民俗村
410,澎湖綠金識海菜
411,新社花海
412,棲蘭之美
413,馬祖新村眷村文創園區
414,新竹市玻璃工藝博物館
415,大溪落羽松
416,益品美術館
417,金樽眺望台
418,高士神社
419,四重溪溫泉公園
420,鯨魚洞
421,野馬瞰山步道
422,白鹿吊橋
423,南方澳小鎮漫遊(敬請自理)~推薦景點&特色小吃
424,沙美摩洛哥
425,台灣糖業博物館
426,藍眼淚
427,天空之城
428,泰安落羽松
429,三峽老街
430,富貴角燈塔
431,棲蘭神木園區
432,泰安派出所櫻花林
433,鵬村濕地公園
434,白楊步道
435,蝸牛巷
436,甲仙商圈
437,墾丁國家森林遊樂區
438,神仙谷
439,大漢據點
440,吳園
441,伊達邵商圈
442,台南山上花園水道博物館
443,英才書院
444,南子吝步道
445,永樂市場
446,台灣山毛櫸國家步道
447,山里車站
448,鳳林菸樓
449,彰化採葡萄體驗
450,鯉魚潭風景區
451,鹽水老街
452,松湖驛站
453,湯圍溝
454,洄瀾灣景觀餐廳
455,雪見遊客中心
456,星源茶園絹印茶香枕DIY
457,椬梧滯洪池
458,墾丁
459,蘭都觀光工廠OrchidCity
460,魚拓壓壓樂
461,喔熊藝術村
462,十三層遺址
463,總爺藝文中心
464,果然茶香觀光工廠
465,張學良故居
466,*[花蓮]東大門夜市
467,羅東夜市
468,五年千歲公園
469,潮州日式文化園區
470,台江國家公園管理處暨遊客中心
471,最美市場~新化果菜市場
472,高美濕地
473,頭城濱海森林公園
474,奧萬大吊橋
475,嘉義市
476,一太e衛浴觀光工廠
477,龍潭觀光大池
478,*[台東市]琵琶湖自行車出租(阿珠的店)
479,霄裡大池
480,阿聰師芋頭酥文化館
481,奧萬大國家森林遊樂區
482,坂里大宅
483,楓林步道
484,巧克力雲莊
485,伯朗大道
486,大鵬灣遊船+烤蚵
487,愛河
488,八甲休閒魚場
489,美濃文創中心
490,基隆港
491,武陵
492,理想大地 A2水岸
493,龍鑾潭
494,多良車站
495,太巴塱部落
496,天后宮
497,探索館
498,花蓮創意文化園區
499,模範街
500,一米特米食點心觀光工廠
501,白沙屯車站
502,臺灣玻璃館
503,旗津老街
504,鹿耳門天后宮
505,三鶯藝術村(駐村藝術家工坊)
506,好美里3D海洋世界戶外美術館
507,華新街（緬甸街）
508,旺萊山鳳梨文化園區
509,角板山公園
510,伊達邵親水步道
511,龍鑾潭自然中心
512,武陵迎賓橋
513,橙香森林
514,阿里山森林遊樂園區
515,橋頭糖廠
516,明池森林遊樂區
517,碧山彩繪村
518,味衛佳
519,伊達邵碼頭
520,石碇千島湖
521,大安溪峽谷
522,山度空間
523,石門水庫
524,二延平步道
525,祝大漁
526,台中三井
527,武嶺
528,翟山坑道
529,藏酒酒莊
530,關山親水公園
531,佳興冰菓室
532,阿里山觀日出
533,通霄落羽松大道
534,日月潭纜車
535,勝利星村創意生活園區
536,燕子口
537,大福琉球航運股份有限公司
538,霧峰林家宮保第園區
539,虎山親山步道
540,台灣滷味博物館
541,高雄大港橋
542,金車酒廠
543,梅山太平雲梯
544,向山行政暨遊客服務中心
545,雲水溫泉度假村
546,浯江書院
547,海洋生物博物館
548,武界
549,美濃湖
550,遊山茶訪-茶文化館
551,奎壁山摩西分海
552,烘爐地南山福德宮
553,新竹地區旅客
554,魚寮遺址
555,雅聞湖濱療癒森林
556,卑南遺址公園
557,西門町商圈
558,知事官邸生活館
559,碧雲寺
560,龍田村
561,加路蘭遊憩區
562,國立科學工藝博物館
563,史前文化博物館
564,九族文化村
565,清水地熱
566,日月潭遊船
567,天空之鏡
568,冷水坑
569,西嶼彈藥本庫軍事文化園區(銅牆鐵壁)
570,瑞豐夜市
571,千畦種子博物館
572,新竹城隍廟商圈
573,圓山西密道導覽文化之旅
574,雪霸休閒農場
575,象鼻岩
576,金色豐收館
577,鹿港小鎮
578,法鼓山世界佛教教育園區(法華公園)
579,金東電影院
580,屏東總圖
581,大溪老茶廠
582,向山行政暨遊客中心
583,情人湖公園
584,六堆客家園區
585,高跟鞋教堂
586,薰衣草森林台中新社店
587,福壽山農場
588,鹿境梅花鹿生態園區
589,國立海洋生物博物館
590,安平定情碼頭德陽艦園區
591,金板境天后宮（鐵板天后宮）
592,台中公園
593,二膽島
594,鹿港天后宮
595,藍眼淚體驗館
596,東石漁人碼頭
597,臺灣最南點意象標誌
598,新竹遠東巨城購物中心
599,台南美術館
600,花露農場
601,福山植物園
602,伽路蘭遊憩區
603,里沙灘
604,奧萬大半日遊
605,德陽艦
606,旗后砲台
607,水湳洞十三層遺址
608,張學良文化園區
609,故宮南院戶外美術館
610,高雄駁二藝術特區
611,壽山LOVE觀景台
612,蘇澳服務區
613,安平小砲臺
614,新社古堡
615,蚵仔寮漁港
616,小野柳
617,內灣吊橋
618,池上飯包故事館
619,台北探索館
620,冬山河舊河道電動小船
621,口湖遊客中心
622,南橫公路
623,沙美老街
624,紅毛港文化園區
625,壽山動物園
626,藍茵湖
627,木日光文旦驛站
628,風櫃洞【風櫃聽濤】
629,向陽派出所
630,詩舒曼蠶絲文化園區
631,涵碧步道
632,宜蘭餅發明館
633,鸞山
634,巃頂步道
635,復興嶼
636,白色旋轉木馬
637,粼粼波光、翩翩白影 (巨型白鷺鷥地景)
638,麗寶樂園
639,龍隱寺
640,山板樵休閒農場
641,阿里山森林遊園區
642,後灣
643,銅鑼杭菊
644,Hohocha喝喝茶/台灣香日月潭紅茶廠
645,動漫彩繪巷
646,士林大壩
647,武岫農場
648,苗栗銅鑼。杭菊花季
649,七星嶺步道
650,高雄流行音樂中心
651,武陵富野渡假村
652,佐登妮絲城堡生技園區
653,阿根納造船廠遺址
654,慶和橋津梅棧道
655,美好花生
656,橘之鄉蜜餞形象館
657,石門班哨角
658,塘岐商圈
659,玉山
660,石梯坪
661,王老五鴨賞
662,水湳洞選煉廠遺址
663,十分瀑布風景區
664,泰安觀止溫泉會館
665,東港漁港漁產品直銷中心(華僑市場)
666,桃山
667,新威森林公園
668,布袋漁港觀光魚市
669,墾丁小奈良
670,羅山瀑布
671,李騰芳古宅
672,火炎山峽谷草原秘境
673,池上飯包文化故事館
674,鶯歌永吉公園
675,上福裕紅茶莊園
676,蓮池潭風景區
677,猴硐貓村
678,板陶窯交趾剪黏工藝園區
679,武陵農場
680,布農文物館
681,武陵蔣公行館
682,天狗部落
683,旗津風車公園
684,二林葡萄酒莊微醺品酒趣
685,台東糖廠
686,卡司蒂拉樂園(金格食品)
687,祈堂老街
688,石門山
689,台泥DAKA
690,頑皮世界
691,蒜頭糖廠
692,華山1914
693,天明製藥農科觀光藥廠
694,福安宮
695,北山斷崖
696,2024金門國際海洋藝術季—湖光馥郁
697,粉鳥林秘境海灘
698,美濃客家文物館
699,可茵山可可莊園枋寮旗艦館
700,功維敘隧道
701,雅聞七里香玫瑰森林
702,溪頭森林遊樂區
703,大坡池
704,天池風景區
705,袖珍博物館
706,明治溫泉老街
707,後壁湖漁會生鮮市場
708,大肚山
709,茉莉花壇夢想館
710,小森之歌
711,墾丁國家公園
712,D Park台肥海洋深層水園區
713,關山夕照
714,國家歌劇院
715,棲蘭山莊
716,台電南部展示館
717,桃園客家文化館
718,頭城老街(敬請自理)~推薦景點&特色小吃
719,山上花園水道博物館淨水池區
720,銀杏森林
721,松園別館
722,霧鹿峽谷
723,勝昌中草藥探索館
724,日落獨木舟
725,太武山風景區
726,觀音蓮花
727,山里教堂
728,二水跑水節
729,台中港區藝術中心
730,小瑞士
731,茅鄉亭
732,龜吼
733,十字路車站
734,水流東桐花步道
735,優遊吧斯
736,朝天宮
737,阿里山遊客中心
738,新竹城隍廟口夜市
739,馬郭芋頭園
740,心型公路
741,四結福德廟
742,東里車站
743,雙龍瀑布七彩吊橋
744,幾米主題廣場
745,千巧谷牛樂園牧場
746,大武濱海公園
747,湖井頭戰史館
748,青岐南山頭海岸景觀區
749,銅鑼炮仗花海公園
750,龍騰斷橋
751,豐濱親不知子斷天空步道
752,山海百貨
753,翠峰湖環湖步道
754,東港華僑市場
755,日月潭國家風景區
756,香山濕地賞蟹步道
757,烈女義坑
758,黃金蕎麥探索館
759,花仙子步道
760,仙湖休閒農場
761,南安瀑布
762,水耕蔬菜農場
763,埡口
764,南灣
765,獅潭老街
766,武昌宮
767,新光兆豐休閒農場
768,台泥DAKA園區
769,小琉球
770,地耕味-玩味蕃樂園
771,旗山老街
772,鐵花村
773,見晴步道
774,杉林溪森林生態渡假園區
775,鍾鼎山林老薑蒸足浴
776,Walami
777,棒球名人堂
778,冷水坑遊憩區
779,龍山寺
780,奮起湖肖楠母樹林步道
781,外埔忘憂谷
782,梨山賓館
783,太麻里華源曙光觀景台
784,粉鳥林
785,金門
786,甲子蘭酒文物館
787,澄霖沉香味道森林館
788,南科考古館
789,108K楓之谷
790,潮州圓環
791,日月潭纜車站
792,花蓮天空之鏡
793,五元兩角
794,武陵茶莊
795,水里蛇窯
796,鳳凰自然教育園區(台大茶園)
797,義大世界
798,日式宿舍群
799,台中港三井Outlet Park
800,明池山莊
801,半天寮好望角
802,虎山巖賞李花
803,烈嶼
804,九芎湖步道
805,奮起湖
806,枋寮可茵山可可莊園
807,大樹舊鳳梨工廠(泰芳鳳梨會社)
808,外傘頂洲
809,大花玫瑰休閒農場
811,將軍堡
812,明德水庫
813,虎爺溫泉會館
814,長埤湖風景區
815,內洞森林遊樂區
816,雲中街生活聚落文創園區
817,安平劍獅埕
818,後龍百年石滬
819,太麻里火車站
820,\u200b基隆嶼(三合一：登島/登塔/繞島)
821,二崁傳統聚落
822,芳苑海空步道
823,張雨生故事館
824,東管處
825,林口三井 OUTLET
827,悟饕池上飯包文化故事館
828,秀妹果園(採橘子)
829,馬港天后宮
830,向陽農場
831,隙頂二延平
832,新營糖廠
833,清泉吊橋
834,華源椰林大道
835,坪林親水吊橋
836,農田水利文物陳列館
837,東勢客家文化園區
838,司法博物館
839,大稻埕
840,烏來老街
841,老塘湖藝術村
842,花露農場 Flower Home
843,阿里山日出
844,望龍埤
845,麟山鼻步道
846,峨眉湖綠能電動遊艇
847,阿里山園區行程
848,新竹市立動物園
849,經武酒窖
850,鄭漢步道
851,梧棲漁港
852,樂灣糧倉園區
853,西螺老街
854,高雄美術館
855,新科紅龍果園 火龍果
856,坤坵沙灘
857,二林農會台灣酒窖
858,埔里鳥居喫茶食堂
859,金門酒廠
860,金城武樹
861,新寮瀑布步道
862,勇士堡
863,赤崁樓
864,玄光寺
865,獅潭鐘樓古道
866,水雲吊橋
867,羅寶田神父紀念園區
868,鳳凰谷鳥園
869,南竿
870,花蓮糖廠
871,棧貳庫KW2
872,舊山線鐵道自行車
873,力麗馬告生態園區
874,大溪老街
875,梅山口/梅山遊客中心
876,梨園寮車站
877,水火同源
878,十鼓仁糖文創園區
879,射日塔
880,光榮碼頭
881,高雄燈塔
882,紙箱王創意園區(大坑店)
883,Xpark水族館
884,南方澳
885,蘆竹湳古厝
886,都歷遊客中心
887,仁義湖
888,永安老街
889,里天后宮
890,草莓文化館
891,淡水紅樹林生態步道
892,蘭嶼
893,台灣玻璃館
894,郭元益糕餅博物館-桃園楊梅館~糕餅DIY體驗
895,東港東隆宮
896,養蜂人家蜂采館
897,台江學園水上屋
898,司馬庫斯
899,廈門黃金海岸
900,太魯閣
901,台南孔廟
902,又一村文創園區
903,北山古洋樓
904,苗栗特色館
905,涼山瀑布
906,紅葉公園
907,虎尾鐵橋
908,三隻小豬觀光農場
909,初咪體驗農場
910,嘉義東市場
911,安妮公主花園
912,太興岩景觀茶園步道
913,南方莊園渡假飯店
914,桃園楊梅雅聞魅力博覽館
915,范家愛玉園
916,林投公園
917,春田窯陶藝休閒渡假園
918,虎頭埤風景區
919,猴硐煤礦博物園區遊客服務中心
920,彌陀漁港海岸光廊
921,通霄神社
922,永安漁港
923,馬山三角堡
924,臺灣客家茶文化館
925,赤崁樓美食商圈
926,日本移民村
927,二崁聚落
928,哨船頭遊艇碼頭
929,布農部落
930,鰲鼓溼地森林園區
931,內惟埤文化園區
932,大菓葉
933,耶穌堂
934,法鼓山農禪寺
935,大呷麵本家
936,卓也小屋『藍染手作DIY體驗』
937,望古瀑布
938,龍潭湖
939,瑞春醬油觀光工廠
940,池上天堂路
941,梧棲文化出張所
942,拉拉山神木步道
943,亞典蛋糕密碼館
944,馬崗漁港
945,新化國家植物園(新化林場)
946,鹿野梅花鹿公園
947,大葉玄武岩
948,清境高空觀景步道
949,大湖酒莊
950,澎湖古早味DIY體驗
951,台中港
952,日月潭伊達邵老街(原德化社)
953,北海岸
954,新社梯田
955,台北101觀景台
956,蘭楊蟹莊
957,天送埤火車站
958,星寶蔥體驗農場
959,瓊林風獅爺
960,新埔車站
961,馬祖劍碑
962,古寧頭戰史館
963,新埔柿餅
964,鹿港民俗文物館
965,寶山水庫
966,北門車站
967,朴子水道頭文創聚落
968,苑裡彩繪稻田
969,北斗老街
970,如邑堂餅家
971,關西仙草博物館生態農場
972,高雄左營站
973,空中走廊
974,福壽山
975,玉山神學院
976,大武彩虹街
977,林田山
978,池上多力米故事館
979,掃叭石柱
980,受鎮宮
981,跑馬古道
982,羊稠坑步道
983,白米甕炮台
984,阿里山小火車
985,佐登妮絲城堡
986,梧滯洪池
987,清境商圈自由活動
988,翠峰湖景觀平台
989,萬巒豬腳街
990,古崗樓
991,鐵花村音樂聚落
992,和興青創基地
993,仁山植物園
994,艋舺龍山寺
995,新光森林小學
996,東西橫貫公路牌樓
997,三星青蔥文化館
998,三和瓦窯
999,山姆先生咖啡館
1000,角板山
1001,牛耳藝術渡假村
1002,小琉球海底觀光玻璃半潛艇
1003,阿信巧克力農場
1004,台東火車站
1005,菁芳園
1006,蘇東隧道|3D海底彩繪隧道
1007,壢小故事森林
1008,石蚵潮間帶
1009,立川漁場
1010,深溝水源生態園區
1011,達觀山自然保護區
1012,太麻里金針山～櫻花季
1013,藏傘閣休閒文化園區
1014,正濱漁港
1015,田心橋落羽松
1016,大農大富
1017,羅山大魚池泥火山
1018,和美山自然步道
1019,知本溫泉
1020,草坪頭玉山觀光茶園櫻花季
1021,衛武營國家藝術文化中心
1022,北關海潮公園
1023,梧棲觀光漁港
1024,日月潭
1025,八仙山森林遊樂區
1026,幾米公園
1027,大湖草莓園
1028,幸福山丘
1029,桶盤嶼
1030,九宮坑道
1031,雪見遊憩區
1032,獅山砲陣地
1033,太平青鳥書店
1034,青蛙石
1035,三民蝙蝠洞
1036,拾粹院文創藝術園區
1037,金山老街
1038,採芥菜
1039,蓬萊溪護魚步道
1040,烏嘎彥竹林
1041,蘭陽博物館
1042,咾咕石公園
1043,橙色農作休閒果園
1044,蜊埤湖(落羽松秘境)
1045,烏山頭水庫風景區(園區導覽+太陽能拉拉車+觀光遊艇艇遊湖)
1046,山川琉璃吊橋
1047,關山
1048,光復糖廠
1049,紫南宮
1050,傷心山觀景平台
1051,風櫃洞
1052,漂鳥197大地藝術/天堂路
1053,月光小棧
1054,二尖山步道
1055,信義農會酒莊
1056,雪霸專車景點介紹2新竹
1057,*東河包子
1058,迎賓館
1059,神農街
1060,大鵬灣
1061,東埔溫泉
1062,菁芩休閒農場
1063,都蘭觀海公園
1064,月津港親水公園
1065,馬太鞍欣綠農園
1066,中興文化創意園區
1067,釋迦果園｜太陽很多
1068,白猿坑潮間帶
1069,天長地久橋
1070,鎮西堡長老教會
1071,禮納里
1072,田尾公路花園
1073,東山老街
1074,淡蘭古道南線(石碇烏塗溪步道)
1075,果然茶香觀光園區
1076,南石滬公園
1077,國立台灣美術館
1078,日月山景休閒農場
1079,六龜大佛
1080,華源海灣
1081,愛河愛之船
1082,卑南大圳
1083,傳統藝術中心
1084,北山播音牆
1085,太湖3D彩繪船
1086,龜山步道
1087,逐鹿部落
1088,台東阿美釋迦麻糬館
1089,1895乙未保台紀念公園
1090,林百貨
1091,拉索埃
1092,不厭亭
1093,外澳九號咖啡
1094,汐止拱北殿
1095,阿珠雪在燒
1096,芹山撥音站
1097,大溪木藝生態博物館
1098,虎井嶼遊憩區
1099,採果體驗
1100,台東大學圖書館
1101,明新書院
1102,野柳地質公園
1103,中山休閒農業區
1104,深坑老街
1105,祝山線
1106,五峰旗聖母朝聖地
1107,武陵富野夜間活動
1108,玉里神社遺址
1109,乎你紅多肉植物
1110,八卦山
1111,野猴子探險森林樹冠層
1112,車埕
1113,淡蘭古道
1114,溯溪(三棧溪或砂婆礑溪或翡翠谷)
1115,賴爺爺蜜蜂小森林
1116,花鐘
1117,瑞芳火車站
1118,青蛙石天空步道
1119,澄清湖
1120,日月潭水社碼頭
1121,忠貞市場
1122,珠山聚落
1123,雪霸專車景點介紹2
1124,綠川水岸
1125,樹谷生活科學館
1126,美濃湖-中正湖
1127,西湖鄉遊客服務中心
1128,沐藝家DIY休閒觀光工廠
1129,綠舞日式主題園區
1130,觀音草漯沙丘
1131,峨眉湖、細茅埔吊橋
1132,新山夢湖
1133,華山1914文化創意產業園區
1134,杉林溪森林生態園區
1136,池南國家森林遊樂區
1137,星夢森林劇場
1138,新寮瀑布
1139,達娜伊谷自然生態保育公園
1140,桂花巷藝術村
1141,潮州鐵道園區
1142,桃山瀑布
1143,金水國小
1144,三和木藝工作坊
1145,南迴驛-大武之心
1146,幾米廣場
1147,17公里海岸風景區
1148,恆春3000啤酒博物館
1149,明治溫泉街
1150,海口港看海美術館
1151,洗水坑豆腐街
1152,琉璃仙境
1153,金崙文化導讀
1154,蔥油餅DIY
1155,七股潟湖
1156,薰衣草森林新竹尖石店
1157,班鳩冰品
1158,高雄港
1159,媽祖巨神像
1160,\u200b新埔老街
1161,R.J.55 攝影概念空間
1162,​漂浮西洋棋盤
1163,外垵漁港【澎湖版小希臘】
1164,南安遊客中心
1165,松羅國家步道
1166,橋南老街
1167,小琉球大巴琉球寶
1168,山豬溝
1169,七星潭曼波園區
1170,後浦16藝文特區
1171,角板山形象商圈
1172,澄霖沉香味道館
1173,貓貍山公園
1174,松雪樓
1175,遠雄海洋公園
1176,嘉義市立美術館
1177,大膽島海上巡遊
1178,迪化街
1179,陽翟老街
1180,麗寶OUTLET
1181,加祿車站
1182,新元昌紅茶產業文化館
1183,猛虎嶼
1184,左鎮化石園區
1185,HOHOCHA喝喝茶
1186,阿里山森林遊樂區旅客服務中心
1187,埔里酒廠
1188,新東糖廠文化園區
1189,十分瀑布
1190,眷村文化館
1191,馬祖新村
1192,養蟹人家
1193,基隆廟口
1194,太平老街
1195,永安海螺文化體驗園區
1196,彩雲王功潮間帶
1197,羅山遊客中心
1198,中埔穀倉農創園區
1199,山豬溝風景區
1200,獅潭神秘小徑
1201,芹壁閩東古厝
1202,貝林古堡  菲尼克斯教堂
1203,富興老茶廠
1204,新埔
1205,大農大富平地森林園區
1206,九曲洞
1207,高士野牡丹神社公園
1208,利吉惡地
1209,青山農場
1210,嘉義市文化路商圈
1211,隙頂觀景台
1212,八達樓子
1213,池上牧野渡假村
1214,瓊林紅磚樹牆
1215,全安堂太陽餅博物館～太陽餅ＤＩＹ(含導覽、製作教學、太陽餅試吃)
1216,水頭聚落
1217,舊百吉隧道
1218,綺緣樟腦精油觀光工場
1219,金剛大道
1220,崎峰濕地
1221,全台首學
1222,小瑞士花園
1223,車城福安宮
1224,孔廟
1225,鵝鑾鼻燈塔
1226,項鍊海岸工作室
1227,龍頭山
1228,台南十鼓文創園區
1229,巧克力共和國
1230,奇美食品幸福工廠
1231,池上伯朗大道自行車
1232,海空步道
1233,逢甲夜市
1234,宜農牧場
1235,溪頭森林自然園區
1236,坂里沙灘
1237,雙溪平林休閒農場
1238,東大門夜市
1239,三貂嶺聚落導覽
1240,花手巾植物染工坊
1241,得月樓
1242,建功嶼
1243,萬昌造船廠
1244,國立台灣歷史博物館
1245,忠貞新村文化園區(深度導覽)
1246,貓咪彩繪村
1247,女王頭
1248,內埤海灘
1249,安東坑道
1250,一福堂(日一店)
1251,漫遊西湖小旅行
1252,屏東夜市
1253,埔里元首館
1254,夜遊後浦小鎮
1255,葉灰窯
1256,蒜頭糖廠蔗埕文化園區
1257,二崁古厝
1258,鯉魚潭水庫
1259,碗盤博物館
1260,日新島
1261,*[台東市]小野柳風景區
1262,佐倉步道
1263,三義廣盛老街
1264,花蓮將軍府1936
1265,谷關
1266,木業展示館
1267,石門古戰場
1268,莒光樓
1269,陽明山菁山吊橋
1270,雲林布袋戲館
1271,三仙台風景區
1272,井仔腳瓦盤鹽田
1273,蘭潭月影潭心
1274,澄清湖風景區
1275,通宵神社
1276,小油坑遊憩區
1277,台灣紅茶股份有限公司
1278,北山海堤
1279,國立自然科學博物館
1280,新竹動物園
1281,藍皮解憂號觀光列車 (特別安排)
1282,柳川藍帶水岸
1283,伊莎貝爾烘焙體驗館
1284,河樂廣場
1285,九華山天空步道
1286,西台古堡
1287,新北市立黃金博物館
1288,水濂洞
1289,南方澳南天宮
1290,諦願寺
1291,天鵝湖公園
1292,通梁古榕
1293,舊草嶺隧道
1294,台灣最南點
1295,勤美誠品綠園道
1296,崇德瑩農場
1297,菁寮老街
1298,喜妹娜哇稻草藝品館
1299,慈湖紀念雕塑公園
1300,毋忘在莒
1301,北港朝天宮
1302,芹壁聚落（閩東古厝）
1303,水社親水步道
1304,樂活襪之鄉博物館
1305,金樽遊憩區
1306,東源森林遊樂區
1307,花蓮縣考古博物館
1308,關子嶺
1309,鸞山森林博物館
1310,逍遙園
1311,鯉魚潭
1312,中國歷代神木園區
1313,清境
1314,雪霸專車景點介紹1
1315,青草湖
1316,八八坑道
1317,金馬賓館當代美術館
1318,深緣及水善糖文化園區
1319,士林夜市
1320,擂鼓石
1321,源順芝麻觀光油廠
1322,鹽琉線
1323,新光碼頭
1324,短坡山
1325,南雅奇岩
1326,味衛佳柿餅觀光農場
1327,漁人碼頭
1328,Hohocha喝喝茶
1329,知本泡湯
1330,谷關溫泉區
1331,職人町
1332,屏東縣立圖書館總館
1333,東湧燈塔
1334,佳樂水風景區
1335,福山照壁．枕戈待旦
1336,仙洞巖
1337,鎮西堡教堂
1338,朱銘美術館
1339,船帆石
1340,再見捌捌陸－臺灣眷村文化園區
1341,牡丹社事件故事館
1342,多良秘境車站
1343,幾米星空童話小木屋
1344,南苗客家美食街
1345,特富野古道
1346,台東大學知本校區
1347,武岫銀杏林
1348,通霄景觀大道
1349,採草莓體驗-中彰投
1350,華泰名品城Outlet
1351,金崙部落走讀
1352,南投落羽松森林
1353,愛情大草原
1354,立康健康養生觀光工廠
1355,天福農場
1356,台東森林公園
1357,溪和水產觀光工廠
1358,綠舍潭果百香果園
1359,2024漂鳥197裝置藝術-飄飄雲朵
1360,砂島
1361,武陵綠色隧道
1362,心宿休閒農場
1363,鹿篙咖啡莊園
1364,仁義湖岸大酒店
1365,冬山河生態綠舟
1366,大葉柱狀玄武岩
1367,霧峰光復新村
1368,台北101購物中心
1369,姐妹潭
1370,阿嘉的家
1371,成美文化園
1372,敬字亭
1373,橋仔漁村
1374,佳興冰室
1375,東埔吊橋
1376,華山1914文創園區
1377,武岫農圃
1378,馥森里山
1379,卓也小屋
1380,桃園八景島水族館Xpark水生公園
1381,富岡漁港
1382,峰上巡檢司城
1383,新化老街
1384,虎形山公園
1385,琵琶湖
1386,三灣落羽松
1387,捷發乾記茶莊(西螺延平老街文化館)
1388,舊鐵橋濕地公園
1389,小琉球浮潛或半潛艇
1390,池上拉拉車
1391,玉山國家公園南安遊客中心
1392,車埕木業展示館
1393,龜山島
1394,梁山觀止步道
1395,特約茶室展示館
1396,鐵漢堡
1397,優遊吧斯阿里山鄒族文化部落
1398,惠蓀林場
1399,小半天孟宗竹林古戰場
1400,六堆客家文化園區
1401,比西里海岸
1402,武陵農場-森情綠意南谷自由行
1403,綠意山莊
1404,歐厝海灘
1405,三育基督書院
1406,新城老街
1407,四維坑道
1408,奕順軒(礁溪店)
1409,出火風景區
1410,茂林國家風景區
1411,桃山步道
1412,鹿野高台
1413,鹿野高台觀光茶園
1414,大坑9號步道
1415,羅莊櫻花步道
1416,恆春半島
1417,菇神鹿谷店
1418,巨人之手
1419,拉拉山國家森林遊樂區
1420,安永心食館
1421,瑞穗牧場
1422,曾文水庫
1423,福山照壁
1424,信義鄉梅花季
1425,澎湖水族館
1426,崎頂子母隧道
1427,湯圍溝溫泉公園
1428,滿月圓國家森林遊樂區
1429,雪霸檜山巨木群步道
1430,清泉部落
1431,富里稻草藝術節
1432,鹿港老街
1433,採果體驗【楊桃】
1434,臺南山上花園水道博物館-博物館區
1435,撒固兒步道
1436,Sweego水水果饌體驗館
1437,高雄輕軌
1438,沙溪堡
1440,沼平車站
1441,向山行政暨遊客中心(向山遊客中心)
1442,吉蒸牧場
1443,泰源幽谷
1444,清水岩
1445,砂島貝殼沙灘
1446,青青草原
1447,陽明山溫泉
1448,水頭村古聚落
1449,妮娜巧克力夢想城堡
1450,金門水產試驗所
1451,田寮月世界
1452,貓鼻頭
1453,花蓮港賞鯨
1454,伽路蘭
1455,鎖港鎮風塔
1456,恆春老街
1457,東源哭泣湖
1458,永興吊橋
1459,中屯風車
1460,大里天公廟
1461,故宮南院
1462,浯島城隍廟
1463,旗津彩虹教堂
1464,三峽清水祖師廟
1465,石門班哨角休憩區
1466,小南海風景區
1467,九寮溪生態園區
1468,練習曲書店
1469,龍潭湖畔悠活園區
1470,240砲陣地（大砲連）
1471,手信坊創意和子文化館
1472,今夜星辰休閒農場
1473,蓮城蓮花園
1474,壁山觀景台
1475,豐濱天空步道
1476,小琉球建議景點
1477,奇麗灣珍奶文化館
1478,冬山河親水公園
1479,內灣
1480,松瀧岩瀑布
1481,果然茶香
1482,台東美術館
1483,紅柴坑
1484,五峰旗瀑布
1485,淡水無極天元宮
1486,紫竹林北后寺
1487,石梯坪遊憩風景區
1488,車埕火車站
1489,神木車站
1490,崙埤河濱公園
1491,中興新村
1492,王功漁港
1493,國立台灣文學館
1494,銀河洞
1495,溪湖糖廠66 cheesecake
1496,九芎湖周家庄農場
1497,向山遊客中心
1498,廣興紙寮
1499,瓜瓜園地瓜生態故事館
1500,大崙山茶園
1501,【濃濃日式風～禪機山仙佛寺】
1502,光復新村
1503,彰化扇形車庫
1504,中社花市BBQ
1505,八斗子
1506,維納斯海岸線
1507,添丁養生黑木耳
1508,大魚的祝福
1509,都歷天空之鏡
1510,Xpark
1511,容軒步道
1512,藺草文化館
1513,國之北疆
1514,烏鬼洞風景區
1515,阿美族民俗中心
1516,遠眺福山照壁．枕戈待旦
1517,東勢林場
1518,品園莊園
1519,郭元益糕餅博物館-楊梅館
1520,台中文學館
1521,四四南村
1522,金樽
1523,合興車站
1524,篤行十村
1525,高雄燈塔(旗津燈塔)
1526,土庫驛可可莊園
1527,元首館
1528,山上花園水道博物館
1529,中橫公路
1530,金門總兵署
1531,丟丟噹森林
1532,澎湖
1533,亞馬遜生態休閒農場
1534,茄萣濕地公園
1535,大崙山
1536,三奇村伯朗大道
1537,好客藝術村
1538,宜蘭酒廠
1539,果貿社區
1540,萬國通路創意觀光工廠
1541,大鵬灣遊湖
1542,安農溪分洪堰風景區
1543,優遊吧斯鄒族文化園區
1544,六福村主題樂園
1545,台中審計新村/審計３６８新創聚落
1546,向山眺望平台
1547,琉球新港(大福漁港)
1548,漁翁島燈塔
1549,社頂自然公園
1550,藍皮意象館/上下車集合地點
1551,太平山國家森林遊樂區
1552,寒溪呢森林人文叡地
1553,關西老街
1554,阿塱壹微型古道
1555,勝利堡
1556,神秘小海灣
1557,東源濕地
1558,原住民文化主題公園
1559,濟生觀光工廠
1560,茶山步道
1561,新化武德殿
1562,佛光山
1563,阿里山森林遊樂區
1564,青埔落羽松秘境
1565,三塊厝水上屋
1566,池上
1567,潮境
1568,張家樹園
1569,半山夢工廠
1570,馬力埔彩繪小徑
1571,東大興漁品
1572,文化路夜市
1573,林田山林業文化園區
1574,龍磐公園
1575,星巴克花蓮理想門市
1576,利稻部落
1577,平溪老街
1578,毓繡美術館
1579,金玉湖酒莊
1580,壯圍沙丘旅遊服務園區
1581,馬太鞍
1582,北埔老街
1584,清泉張學良故居
1585,福隆海水浴場
1586,信義商圈
1587,霧鹿大峽谷
1588,陽翟大街
1589,富岡碼頭
1590,Herbelle龍潭湖畔悠活園區
1591,大雪山森林遊樂區
1592,石門山步道
1593,田中鐵馬巡田
1594,七星潭風景區
1595,山后民俗村
1596,泰安鐵道文化園區
1597,老楊方塊酥
1598,斑鳩冰品
1599,永成戲院
1600,SKM Park
1601,山豬島
1602,都歷海灘
1603,天祥
1604,裕芳食品行三義店
1605,義大遊樂世界
1606,牡丹水庫
1607,樹屋餐廳
1608,暖東峽谷
1609,日月潭文武廟
1610,國際級‧綠世界生態農場
1611,僑鄉文化展示館
1612,1314
1613,關西仙草博物館
1614,老楊方城市觀光工廠
1615,新城天主堂
1616,向山自行車道
1617,阿度的店 (龍田)
1618,日本移民村～龍田村騎鐵馬
1619,垂坤旗艦店
1620,興隆毛巾觀光工廠
1621,台東鐵道藝術村
1622,富山護漁區
1623,張家韓園
1624,坪林茶業博物館
1625,金門畜試所
1626,星巴克洄瀾門市
1627,小金門
1628,大埔石刻
1629,北投溫泉博物館
1630,東河橋
1631,竹林松杉靈芝場
1632,潮境公園
1633,維格餅家
1634,北海坑道
1635,八塊厝民俗藝術村
1636,阿美民俗中心
1637,太魯閣國家公園
1638,金門迎賓館
1639,燕南書院
1640,駁二藝術特區
1641,鄉野傳奇休閒農場
1642,千禧曙光紀念園區
1643,下淡水溪鐵橋
1644,宜富金棗觀光果園
1645,渚橋休憩區
1646,綠島朝日溫泉
1647,勤美誠品綠建築
1648,北門洗滌鹽觀光工場
1649,石碇老街
1650,嘉義火車站
1651,華山小天梯 (華山溪吊橋)
1652,采棉居寢飾文化館
1653,逐鹿部落/社區
1654,巴克禮公園／落羽松
1655,飯店CHECK-IN
1656,阿美小米文化館
1657,老公崎步道
1658,台南燕潭
1659,旺萊山-愛情大草原
1660,東山農園
1661,谷關溫泉
1662,西嶼西台
1663,機場咖啡
1664,馬祖酒廠
1665,萬金聖母聖殿
1666,阿里山國家森林遊樂區
1667,延平老街
1668,921地震教育園區
1669,蕭如松藝術園區
1670,屏東縣民公園
1671,陽明山
1672,東河橋遊憩區
1673,鹿境
1674,初鹿牧場
1675,台中市港區藝術中心
1676,觀音亭
1677,淨園休閒農場
1678,南寮漁港
1679,里大宅
1680,妖怪村
1681,芹壁聚落
1682,寶山水庫環湖步道
1683,斗六太平老街
1684,六十石山
1685,新光國小
1686,苗栗貓裏山(功維敘隧道)
1687,鹿野龍田
1688,花磚博物館
1689,虱目魚主題館
1690,\u200b台版清溪川【東城門迎曦門+護城河】
1691,北港老街
1692,嘉義神社手水舍
1693,西螺福興宮
1694,大板根森林遊樂區
1695,鹿野龍田自行車道
1696,雙溪老街
1697,安農溪落羽松
1698,七星柴魚博物館
1699,基隆廟口夜市
1700,草嶺古道芒花季
1701,清水斷崖
1702,水交社文化園區
1703,烏鬼洞
1704,新竹水道取水口展示館
1705,松山文創園區
1706,奎壁山地質公園
1707,原野牧場
1708,北門遊客中心
1709,阿美族文化園區
1710,馬武督探索森林
1711,順承門
1712,陽明山中山樓
1713,地熱谷
1714,阿里山森林園區
1715,關山夕陽
1716,交力坪車站
1717,協雲宮
1718,麗野莊園休閒農場
1719,夢時代購物中心
1720,基隆夜市
1721,大埔古村落
1722,大補內彈珠汽水觀光工廠
1723,雙潭休閒農業區
1724,奮起湖火車便當
1725,羅浮泰雅溫泉公園
1726,月眉人工濕地生態公園
1727,紫明溪步道
1728,比西里岸部落
1729,台灣味噌釀造文化館
1730,雪霸國家公園武陵遊客中心
1731,馬拉灣
1732,鷲嶺食肆
1733,頂石棹步道
1734,大鹿林道西線
1735,小烏來風景區~特別安排前往天空步道
1736,溪頭
1737,內湖樂活公園
1738,北投社三層崎公園
1739,太湖3D斑馬線
1740,濟生Beauty新竹觀光工廠
1741,雪霸國家公園
1742,琉球魅力商圈(小琉球大街)
1743,烏來台車體驗
1744,遠眺媽祖巨神像
1745,馬祖國家風景區管理處&遊客中心（馬祖風景區管理處）
1747,頂湖環湖步道
1748,桃園虎頭山公園
1749,二層坪水橋
1750,東市場
1751,原英商德記洋行
1752,陳景蘭洋樓
1753,七股鹽山
1754,慈湖
1755,大鵬灣國家風景區
1756,深澳鐵道自行車
1757,鹿境梅花鹿園
1758,總統府
1759,三灣落羽松莊園
1760,美軍宿舍群
1761,太平山莊
1762,馬祖酒廠及八八坑道
1763,天使花園休閒農場
1764,葡萄王觀光工廠
1765,水銡利廚衛生活村
1766,萬里桐
1767,蘭城新月廣場
1768,糯米橋休閒農業區
1769,阿塱壹古道
1770,明池國家森林遊樂區
1771,杉林溪
1772,佳冬鄉農會透紅佳人夢想樂園
1773,吉安慶修院
1774,東莒燈塔
1775,嘉義文化路夜市
1776,東眼山
1777,總兵署
1778,泰順廊橋
1779,祝大漁物產文創館
1780,杏輝健康園區
1781,兆豐農場
1782,阿亮香菇園
1783,樂水部落(泰雅文化生活．食農小旅行)
1784,石門山半日遊
1785,幻覺博物館
1786,草漯沙丘
1787,巫家捏麵館
1788,潭雅神綠園道
1789,花蓮文化創意產業園區
1790,天堂路
1791,故宮
1792,台灣穀堡
1793,國華友愛商圈
1794,薑麻園休閒農業區
1795,百菇莊
1796,西螺延平老街
1797,金門鎮總兵署
1798,梅山公園
1799,太麻里
1800,林美石磐步道
1801,東豐自行車綠廊
1802,山月吊橋
1803,山上人家
1804,合歡山夕陽銀河行程
1805,綠島
1807,鳩之澤溫泉
1808,八仙洞
1809,魚池喝喝茶Hohocha
1810,水蛙窟
1811,福灣莊園
1812,民雄金桔觀光工廠
1813,中山溫泉公園
1814,水蛙窟大草原
1815,礁溪溫泉
1816,舊山線鐵道自行車A路線
1817,枕戈待旦
1818,白砂灣
1819,鶯歌陶瓷老街
1820,設治紀念館
1821,旗津渡輪(旗津─棧貳庫)
1822,新北投車站
1823,圓潭自然生態園區
1824,軍艦岩
1825,小董山間野炊
1826,林後四林平地森林園區
1827,桃園觀光夜市
1828,舊草嶺隧道~體驗單車騎趣
1829,新北歡樂耶誕城
1830,鹿ㄦ島水豚生態園區
1831,大菓葉玄武岩
1832,華山休閒農業區
1833,向禾休閒漁場(蔡牽海盜村)
1834,象鼻百年古吊橋
1835,櫻木花道
1836,孔廟形象商圈
1837,十分老街
1838,金門大橋
1839,富興茶業文化館
1840,嘉義製材所
1841,大溪落羽松大道
1842,星砂灣燈塔
1843,葉華成故居
1844,千巧谷
1845,玉長公路
1846,峨眉湖
1847,合歡山主峰
1848,內惟藝術中心
1849,池上伯朗大道
1850,石門水庫楓林步道
1851,銅鑼茶廠
1852,水往上流奇觀
1853,襪仔王觀光工廠
1854,鹿港吹糖人體驗
1856,安農溪分洪堰
1857,玉蘭茶園
1858,白千層綠色隧道
1859,明遺老街
1860,桂花藝術村
1861,南庄老街
1862,大樹百年舊鐵橋
1863,昇恆昌金湖廣場
1864,池上大坡池
1865,壽山觀景台
1866,青埔落羽松
1867,瑞龍瀑布
1868,新屋綠色走廊
1869,奮起湖老街
1870,白河大仙寺
1871,北回歸線地標
1872,金瓜石地質公園
1873,玲瓏窯玻璃工藝
1874,寶湖宮天地堂地母廟
1875,藍眼淚生態館
1876,捎來步道
1877,東北角
1878,水路
1879,豐原廟東小吃街
1880,鳳山-鳳儀書院
1881,阿公店風景區
1882,漯底山自然公園
1883,雅聞香草植物工廠
1884,北埔冷泉
1885,石雨傘
1886,紅葉谷綠能溫泉園區
1887,石門麻糬洞(March 洞)
1888,東門樓
1889,梅花湖
1890,豆腐岬
1891,櫻木花道平交道
1892,一福堂環二店
1893,東門夜市
1894,嵵裡沙灘
1895,東勢林場遊樂區
1896,張美阿嬤農場
1897,黑鮪魚鮮味體驗
1898,高雄站
1899,頭社活盆地
1900,阿里山車站
1901,杉林步道
1902,昇田食品
1903,火山碧雲寺
1904,壯圍沙丘
1905,鹽水八角樓
1906,鳳儀書院
1907,武陵賞鳥步道
1908,榕錦時光生活園區
1909,湖口好客文創園區
1910,龍田單車
1911,台東電輔單車遊程
1912,清境農場
1913,外木山情人湖濱海大道
1914,香之莊園香草推廣莊園
1915,台北101
1916,金瓜石報時山步道
1917,虎尾驛
1918,湖下海堤
1919,澎湖郵便局
1920,苗栗客家圓樓
1921,月洞遊憩區
1922,龜山朝日園區濱海拉拉車
1923,老鍋休閒農莊
1924,向陽國家森林遊樂區
1925,勝利星村創意生活園區 V.I.P ZONE
1926,花蓮新天堂樂園
1927,三仙台
1928,通樑古榕
1929,霧社
1930,\u200b漂浮西洋棋盤
1931,劉家莊燜雞
1932,羅東夜市商圈
1933,赤柯山
1934,品皇咖啡觀光工廠
1935,茂林生態公園(紫蝶幽谷)
1936,跨海大橋
1937,古亭穀倉
1938,金瓜石
1939,大港橋
1940,軍艦岩親山步道
1941,手信坊創意和菓子文化館
1942,多肉秘境
1943,無敵山景【宇老觀景台】
1944,拉拉山神木群
1945,羅山有機村
1946,採果體驗-火龍果
1947,香山濕地
1948,山椒魚生態中心
1949,加路蘭
1950,雪霸專車景點介紹3
1951,羅東林業文化園區
1952,蓮池潭
1953,扇形車庫
1954,八卦山風景區
1955,新城風糖休閒園區
1956,南港商圈
1957,檜意森活村
1958,阿里山火車站
1959,紙教堂
1960,天池與達觀亭
1961,菓葉灰窯
1962,美濃擂茶DIY體驗
1963,西螺大橋
1964,立康中草藥產業文化館
1965,陽明山花鐘
1966,宜蘭窯烤山寨村
1967,擎天崗
1968,海濱公園
1969,秀巒軍艦岩
1970,向禾休閒漁場
1971,大坡國小
1972,台中第二市場
1973,頭社活盆地休閒農業區
1974,佳冬蕭家古厝
1975,竹崎公園-天空走廊
1976,中台禪寺
1977,虎尾糖廠鐵橋
1978,大甲鎮瀾宮
1979,綠光森林
1980,原生應用植物園
1981,台一生態休閒農場
1982,草嶺
1983,勝利山莊
1984,四重溪溫泉
1985,麗池公園
1986,旗津天后宮
1987,異域故事館
1988,芳苑燈塔
1989,陽明山國家公園
1990,角板山行館
1991,台南公會堂
1992,金色高粱田
1993,高台茶園
1994,北港水道頭文化園區
1995,鹿港龍山寺
1996,后豐鐵馬道
1997,後浦小鎮
1998,東部海岸國家風景區管理處
1999,台江水上屋
2000,海崖谷
2001,裡沙灘
2002,泰雅生活館
2003,六福村主題遊樂園
2004,台灣農林銅鑼茶廠
2005,金三角商圈
2006,合歡山
2007,味衛佳餅觀光農場
2008,雪霸國家公園觀霧遊憩區
2009,靜浦部落
2010,鶯歌美食廣場
2011,鹽水老街(橋南老街)
2012,玉井白色教堂
2013,鯉魚潭單車
2014,義和農村
2015,鍾理和紀念館
2016,菜埔澳地質公園
2017,國際地標
2018,碧潭風景區
2019,劍湖山渡假大飯店
2020,台中市纖維工藝博物館
2021,侏羅紀生態觀光果園
2022,白沙灣遊憩區
2023,拉拉山神木群步道
2024,卑南文化公園
2025,棲蘭森林遊樂區
2026,寧濟御庭園林山水文化園區
2027,南天宮
2028,侏羅紀觀光果園
2029,板陶窯交趾剪黏文化園區
2030,鹿港古蹟巡禮~特色三輪車體驗
2031,北投地熱谷
2032,悠客馬場
2033,烏石港
2034,六合觀光夜市
2035,關子嶺風景區
2036,鹽水車站倉庫群樹屋
2037,花東縱谷
2038,小野柳風景區
2039,台北忠烈祠
2040,高雄市立文化中心
2041,雲台山
2042,A2水岸(6K)
2043,鑲壁風獅爺
2044,濟生Beauty觀光工廠
2045,姊妹潭
2046,獅頭山公園
2047,奮起湖車站
2048,吉利潭
2049,阿美麻糬
2050,湖口老街
2051,鼓山輪渡站
2052,茶二指故事館
2053,林內教芋部
2054,月眉糖廠
2055,外澳沙灘
2056,四八高地
2057,九份
2058,旗津渡輪
2059,多羅滿賞鯨
2060,四草綠色隧道
2061,烏山頭水庫
2062,臺南市美術館2館
2063,雙連埤
2064,台肥海洋深層水園區
2065,比西里岸
2066,馬告生態園區
2067,竹林山觀音寺
2068,樟腦寮車站
2069,新天堂樂園
2070,兒童新樂園
2071,池上穀倉藝術館
2072,龍磐大草原
2073,塔塔加
2074,和平島公園
2075,金瓜石十三層遺址
2076,內灣老街
2077,勝洋休閒農場
2078,福壽山天池仙境半日遊
2079,頭城老街
2080,磺溪書院
2081,鹿港
2082,頭社水庫生態步道
2083,小池角雙曲橋
2084,哭泣湖
2085,味衛佳柿餅教育農園
2086,大溪迎富送窮廟
2087,集集車站
2088,【觀光果園採果樂】
2089,霧峰林家花園
2090,忘憂森林
2091,奎壁山
2092,海印寺
2093,杉林溪森林遊樂區
2094,太麻里平交道
2095,海安路藝術街
2096,寶來溫泉
2097,車埕老街
2098,六十石金針花
2099,卓蘭體驗採人參何首烏
2100,奇美博物館
2101,觀音山林梢步道
2102,馬祖
2103,抹茶山
2104,大膽島
2105,豐濱親不知子斷漄天空步道
2106,寶來花賞溫泉公園
2107,微熱山丘
2108,馬胎古道
2109,鹿野神社
2110,慶修院
2111,合歡山觀日出
2112,武界部落
2113,南寮古厝【浮球秘境】
2114,吳園藝文中心
2115,三毛夢屋
2116,牛港稜步道
2117,澎湖跨海大橋
2118,台東海濱公園
2119,阿里山國家森林
2120,施公祠與萬軍井
2121,正思惟齋製茶
2122,太平山原始林步道
2123,赤科山
2124,集元果觀光工廠
2125,水仙宮市場
2126,雲山水農莊
2127,華一休閒農場
2128,墾丁大街
2129,陽明書屋
2130,翠峰湖
2131,小琉球三大風景區
2132,金門植物園
2133,鐵堡
2134,霞海城隍廟
2135,北后寺
2136,小琉球全能挑戰活動
2137,南海
2138,祝大魚物產文創館
2139,秀才登山步道
2140,青澤伴手禮
2141,祝山觀日
2142,阿里山國家風景區觸口遊客暨行政中心
2143,松林町
2144,北埔第一棧擂茶DIY
2145,中央老街
2146,野馬瞰山森林步道
2147,鐵道藝術村
2148,陽明山冷水坑
2149,雲中街文創聚落
2150,康莊有機聚落
2151,新月廣場
2152,昭和十八J18-嘉義市史蹟資料館
2153,白沙岬燈塔
2154,探索圓山
2155,拉索埃湧泉生態園區
2156,棧貳庫
2157,清金門鎮總兵署
2158,屏菸1936文化基地
2159,眠月線
2160,星砂灣
2161,南寮魚鱗天梯
2162,海生館
2163,潮州日式歷史建築文化園區
2164,阿里山森林鐵路
2165,鸞山部落
2166,草悟道
2167,艾米達精靈谷茶樹莊園
2168,白水湖壽島
2169,臺灣客家文化館
2170,太平山蹦蹦車
2171,二林蕎麥花季
2172,小半天豆干味
2173,藍晒圖文創園區
2174,佛陀紀念館
2175,牛頭司
2176,貝林古堡 • 菲尼克斯教堂
2177,拉拉山
2178,龍潭湖景觀步道
2179,伊達邵
2180,麻豆代天府
2181,慈湖三角堡
2182,玉順紅棗園
2183,夢幻湖
2184,馬告生態公園
2185,司馬庫斯巨木群步道
2186,望海巷跨海景觀橋
2187,黃輝煌洋樓
2188,西拉雅官田遊客中心
2189,山毛櫸國家步道
2190,永鎮海濱公園
2191,雲林故事館
2192,布農部落休閒農場
2193,司馬庫斯巨木群
2194,希利克步道
2195,彩虹教堂
2196,清境農場-青青草原
2197,興達港觀光漁市
2198,日月潭自行車道
2199,蘿莎玫瑰山莊
2200,地雷主題館
2201,澎湖天后宮
2202,稻米原鄉館
2203,德記洋行
2204,梅庭
2205,旗津
